{
    "dim": 320,
    "depth": 2,
    "heads": 5,
    "mlp_dim": 640,
    "mlp_hidden_dims": "[256, 128, 64]",
    "fusion_hidden_dims": "[128, 64, 32]",
    "patch_size": 9,
    "max_lr": 0.004428662808554322,
    "div_factor": 14,
    "final_div_factor": 546,
    "weight_decay": 1.2052434412028272e-06,
    "epochs": 200
}