{
    "model": "model1",
    "mlp_hidden_dims": "[256, 128, 64]",
    "max_lr": 0.0029613938227141855,
    "div_factor": 89,
    "final_div_factor": 571,
    "weight_decay": 0.0030269348983705912,
    "epochs": 200
}