{
    "dim": 160,
    "depth": 2,
    "heads": 8,
    "mlp_dim": 384,
    "mlp_hidden_dims": "[256, 128, 64]",
    "patch_size": 9,
    "max_lr": 0.0016170423080725765,
    "div_factor": 53,
    "final_div_factor": 915,
    "weight_decay": 4.47953342036574e-06,
    "epochs": 100
}