{
    "dim": 192,
    "depth": 2,
    "heads": 3,
    "mlp_dim": 192,
    "mlp_hidden_dims": "[256, 128, 64]",
    "fusion_hidden_dims": "[256, 128, 64]",
    "patch_size": 16,
    "max_lr": 0.008006926467430522,
    "div_factor": 52,
    "final_div_factor": 918,
    "weight_decay": 0.001014267443120036,
    "epochs": 100
}