{
    "dim": 192,
    "depth": 6,
    "heads": 6,
    "mlp_dim": 128,
    "mlp_hidden_dims": "[32, 16]",
    "patch_size": 32,
    "max_lr": 0.0013526225343594924,
    "div_factor": 96,
    "final_div_factor": 140,
    "weight_decay": 0.004405406687721591,
    "epochs": 200
}