{
    "dim": 160,
    "depth": 2,
    "heads": 2,
    "mlp_dim": 384,
    "mlp_hidden_dims": "[128, 64, 32]",
    "patch_size": 76,
    "max_lr": 0.0023012880899442112,
    "div_factor": 30,
    "final_div_factor": 387,
    "weight_decay": 0.0008710936924349574,
    "epochs": 200
}