{
    "dim": 384,
    "depth": 7,
    "heads": 4,
    "mlp_dim": 384,
    "mlp_hidden_dims": "[256, 128, 64]",
    "fusion_hidden_dims": "[256, 128, 64]",
    "patch_size": 4,
    "max_lr": 0.000564773680990967,
    "div_factor": 80,
    "final_div_factor": 385,
    "weight_decay": 0.0006042454617706959,
    "epochs": 100
}