{
    "mlp_hidden_dims": "[256, 128, 64]",
    "max_lr": 0.0012906631913179609,
    "div_factor": 78,
    "final_div_factor": 360,
    "weight_decay": 0.0007491063781136733,
    "epochs": 100
}