{
    "model": "model2",
    "mlp_hidden_dims": "[128, 64, 32]",
    "max_lr": 0.0022252705887439105,
    "div_factor": 41,
    "final_div_factor": 116,
    "weight_decay": 1.2384684819416739e-05,
    "epochs": 200
}