{
    "mlp_hidden_dims": "[256, 128, 64]",
    "max_lr": 0.0011238457237039996,
    "div_factor": 16,
    "final_div_factor": 722,
    "weight_decay": 5.927593460227349e-06,
    "epochs": 200
}