{
    "dim": 224,
    "depth": 5,
    "heads": 2,
    "mlp_dim": 960,
    "mlp_hidden_dims": "[128, 64, 32]",
    "fusion_hidden_dims": "[128, 64, 32]",
    "patch_size": 32,
    "max_lr": 0.0007219699133349407,
    "div_factor": 44,
    "final_div_factor": 496,
    "weight_decay": 2.4185574346240987e-05,
    "epochs": 200
}