{
    "model": "model1",
    "mlp_hidden_dims": "[256, 128, 64]",
    "max_lr": 0.0005627544073343316,
    "div_factor": 59,
    "final_div_factor": 194,
    "weight_decay": 0.0006986826899971451,
    "epochs": 200
}