{
    "dim": 416,
    "depth": 6,
    "heads": 2,
    "mlp_dim": 576,
    "mlp_hidden_dims": "[256, 128, 64]",
    "fusion_hidden_dims": "[256, 128, 64]",
    "patch_size": 76,
    "max_lr": 0.0027083273273256674,
    "div_factor": 84,
    "final_div_factor": 952,
    "weight_decay": 0.00011019215998362921,
    "epochs": 200
}