{
    "dim": 224,
    "depth": 6,
    "heads": 8,
    "mlp_dim": 512,
    "mlp_hidden_dims": "[256, 128, 64]",
    "patch_size": 9,
    "max_lr": 0.011360632556254578,
    "div_factor": 44,
    "final_div_factor": 912,
    "weight_decay": 0.00814898072121775,
    "epochs": 200
}