{
    "bagging_temperature": 0.4098024093035837,
    "depth": 5,
    "l2_leaf_reg": 3.7587807378132383,
    "leaf_estimation_iterations": 5,
    "learning_rate": 0.06417368687227801,
    "cat_features": [
        "CHAS",
        "RAD"
    ]
}