{
    "dim": 32,
    "depth": 3,
    "heads": 8,
    "mlp_dim": 128,
    "mlp_hidden_dims": "[128, 64, 32]",
    "patch_size": 22,
    "max_lr": 0.002191800328211453,
    "div_factor": 37,
    "final_div_factor": 700,
    "weight_decay": 0.00024161958824111185,
    "epochs": 200
}